,Moneyness,TTM,D_BS
0,0.16831683168316836,1.0,0.18697178322867813
1,0.0,0.8333333333333321,0.0
2,0.9504950495049506,0.6666666666666679,0.9994279928674992
3,0.8415841584158417,0.5,0.8494615157170724
4,1.0,0.0,1.0
