,Moneyness,TTM,D_BS
0,0.7136878994021851,0.0,0.5941776866832281
1,0.42875695732838587,0.4137931034482759,0.29599169979473927
2,1.0,0.4051724137931034,0.9999999999999999
3,0.5491857349000205,0.8189655172413793,0.5632484065476832
4,0.0,0.9999999999999999,0.0
