,Moneyness,TTM,D_BS
0,0.7622006020679727,0.17857142857142858,0.5990908320490302
1,0.6415950438462545,0.423469387755102,0.45122533346716776
2,0.8833907770167096,0.41836734693877553,0.8003314044863589
3,0.6925701321931853,0.6632653061224489,0.5837535136332901
4,0.46011081540944987,0.770408163265306,0.304447945559233
